Caida libre,,,,,,,Pendulo,,,,,,# Ligas1,er1,# Ligas2,er2,,,ln(er1),l,n/n+5,
,Altura rebote,,,,,,Velocidades [m/s],,,,,,5,"0,726",5,"0,641",,"0,5149487614","-0,3205937208","1,029897523","0,5","0,5149487614"
# Ligas,Repe 1,Repe 2,Repe 2,promedio,er,# Ligas,m pendulo inicial,pelota,m pendulo final,er,,,10,"0,719",10,"0,755",,"0,5674896191","-0,3301786789","0,8512344287","0,6666666667","0,5674896191"
5,53,54,51,"52,66666667","0,7257180352",5,"1,56","2,54","1,54","0,641025641",,,15,"0,755",15,"0,816",,"0,6235431197","-0,2810594591","0,8313908263","0,75","0,6235431197"
10,51,52,52,"51,66666667","0,7187952884",10,"1,51","2,64","1,5","0,7549668874",,,20,"0,792",20,"0,720",,"0,7639604808","-0,2336702559","0,954950601","0,8","0,7639604808"
15,57,56,58,57,"0,7549834435",15,"1,52","2,76","1,52","0,8157894737",,,25,"0,800",25,"0,787",,"0,7948317965","-0,2231435513","0,9537981558","0,8333333333","0,7948317965"
20,62,63,63,"62,66666667","0,7916228058",20,"1,57","2,69","1,56","0,7197452229",,,30,"0,808",30,"0,815",,"0,7964254142","-0,2128339077","0,9291629833","0,8571428571","0,7964254142"
25,63,64,65,64,"0,8",25,"1,55","2,74","1,52","0,7870967742",,,35,"0,821",35,"0,813",,"0,7785645853","-0,1977573886","0,8897880975","0,875","0,7785645853"
30,65,64,67,"65,33333333","0,8082903769",30,"1,57","2,81","1,53","0,8152866242",,,40,"0,839",40,"0,843",,"0,8297340676","-0,1759621706","0,933450826","0,8888888889","0,8297340676"
35,66,68,68,"67,33333333","0,8205689083",35,"1,55","2,8","1,54","0,8129032258",,,45,"0,849",45,"0,822",,"0,8873455105","-0,1642520335","0,9859394561","0,9","0,8873455105"
40,70,71,70,"70,33333333","0,8386497084",40,"1,53","2,82","1,53","0,8431372549",,,50,"0,850",50,"0,851",,"0,8833399822","-0,1619425606","0,9716739804","0,9090909091","0,8833399822"
45,72,71,73,72,"0,8485281374",45,"1,57","2,85","1,56","0,821656051",,,55,"0,854",55,"0,768",,"0,9166666667","-0,1573553724",1,"0,9166666667","0,9166666667"
50,72,73,72,"72,33333333","0,8504900548",50,"1,54","2,83","1,52","0,8506493506",,,60,"0,854",60,"0,801",,"0,9365007282","-0,1573553724","1,014542456","0,9230769231","0,9365007282"
55,72,74,73,73,"0,8544003745",55,"1,55","2,71","1,52","0,7677419355",,,65,"0,852",65,"0,861",,0,"-0,1596437059",0,"0,9285714286",0
60,71,75,73,73,"0,8544003745",60,"1,56","2,8","1,55","0,8012820513",,,70,"0,856",100,"0,795",,,,,,
65,72,73,73,"72,66666667","0,8524474568",65,"1,51","2,81","1,51","0,8609271523",,,75,"0,858",150,"0,778",,,,,,
70,73,73,74,"73,33333333","0,8563488386",100,"1,56","2,78","1,54","0,7948717949",,,80,"0,854",200,"0,747",,,,,,
75,74,73,74,"73,66666667","0,8582928793",150,"1,58","2,75","1,52","0,7784810127",,,85,"0,860",250,"0,761",,,,,,
80,73,74,72,73,"0,8544003745",200,"1,62","2,77","1,56","0,7469135802",,,90,"0,858",300,"0,730",,,,,,
85,74,73,75,74,"0,8602325267",250,"1,59","2,72","1,51","0,7610062893",,,95,"0,866",350,"0,747",,,,,,
90,73,74,74,"73,66666667","0,8582928793",300,"1,63","2,74","1,55","0,7300613497",,,100,"0,860",400,"0,713",,,,,,
95,74,75,76,75,"0,8660254038",350,"1,62","2,74","1,53","0,7469135802",,,105,"0,860",450,"0,752",,,,,,
100,74,73,75,74,"0,8602325267",400,"1,64","2,71","1,54","0,7134146341",,,110,"0,866",500,"0,734",,,,,,
105,74,74,74,74,"0,8602325267",450,"1,61","2,72","1,51","0,751552795",,,115,"0,868",550,"0,727",,,,,,
110,76,75,74,75,"0,8660254038",500,"1,58","2,68","1,52","0,7341772152",,,120,"0,862",600,"0,706",,,,,,
115,76,76,74,"75,33333333","0,8679477711",550,"1,65","2,7","1,5","0,7272727273",,,125,"0,858",650,"0,721",,,,,,
120,75,74,74,"74,33333333","0,8621678104",600,"1,63","2,66","1,51","0,7055214724",,,130,"0,864",700,"0,715",,,,,,
125,74,73,74,"73,66666667","0,8582928793",650,"1,65","2,67","1,48","0,7212121212",,,135,"0,862",0,"0,000",,,,,,
130,75,75,74,"74,66666667","0,8640987598",700,"1,65","2,65","1,47","0,7151515152",,,140,"0,864",0,"0,000",,,,,,
135,74,74,75,"74,33333333","0,8621678104",,,,,,,,145,"0,864",0,"0,000",,,,,,
140,75,75,74,"74,66666667","0,8640987598",,,,,,,,150,"0,866",0,"0,000",,,,,,
145,74,76,74,"74,66666667","0,8640987598",,,,,,,,155,"0,862",0,"0,000",,,,,,
150,76,75,74,75,"0,8660254038",,,,,,,,160,"0,862",0,"0,000",,,,,,
155,73,75,75,"74,33333333","0,8621678104",,,,,,,,165,"0,862",0,"0,000",,,,,,
160,74,75,74,"74,33333333","0,8621678104",,,,,,,,170,"0,864",0,"0,000",,,,,,
165,76,74,73,"74,33333333","0,8621678104",,,,,,,,175,"0,864",0,"0,000",,,,,,
170,75,75,74,"74,66666667","0,8640987598",,,,,,,,180,"0,866",0,"0,000",,,,,,
175,74,75,75,"74,66666667","0,8640987598",,,,,,,,185,"0,864",0,"0,000",,,,,,
180,75,75,75,75,"0,8660254038",,,,,,,,190,"0,864",0,"0,000",,,,,,
185,74,75,75,"74,66666667","0,8640987598",,,,,,,,195,"0,860",0,"0,000",,,,,,
190,75,76,73,"74,66666667","0,8640987598",,,,,,,,200,"0,866",0,"0,000",,,,,,
195,74,73,75,74,"0,8602325267",,,,,,,,205,"0,860",0,"0,000",,,,,,
200,76,74,75,75,"0,8660254038",,,,,,,,210,"0,858",0,"0,000",,,,,,
205,74,73,75,74,"0,8602325267",,,,,,,,215,"0,858",0,"0,000",,,,,,
210,73,74,74,"73,66666667","0,8582928793",,,,,,,,220,"0,862",0,"0,000",,,,,,
215,74,74,73,"73,66666667","0,8582928793",,,,,,,,225,"0,862",0,"0,000",,,,,,
220,73,75,75,"74,33333333","0,8621678104",,,,,,,,230,"0,862",0,"0,000",,,,,,
225,74,75,74,"74,33333333","0,8621678104",,,,,,,,235,"0,864",0,"0,000",,,,,,
230,76,74,73,"74,33333333","0,8621678104",,,,,,,,240,"0,864",0,"0,000",,,,,,
235,75,75,74,"74,66666667","0,8640987598",,,,,,,,245,"0,864",0,"0,000",,,,,,
240,76,73,75,"74,66666667","0,8640987598",,,,,,,,250,"0,860",0,"0,000",,,,,,
245,75,74,75,"74,66666667","0,8640987598",,,,,,,,300,"0,862",0,"0,000",,,,,,
250,74,73,75,74,"0,8602325267",,,,,,,,350,"0,858",0,"0,000",,,,,,
300,75,74,74,"74,33333333","0,8621678104",,,,,,,,400,"0,862",0,"0,000",,,,,,
350,74,74,73,"73,66666667","0,8582928793",,,,,,,,450,"0,862",0,"0,000",,,,,,
400,75,75,73,"74,33333333","0,8621678104",,,,,,,,500,"0,858",0,"0,000",,,,,,
450,74,74,75,"74,33333333","0,8621678104",,,,,,,,550,"0,860",0,"0,000",,,,,,
500,73,73,75,"73,66666667","0,8582928793",,,,,,,,600,"0,860",0,"0,000",,,,,,
550,73,74,75,74,"0,8602325267",,,,,,,,650,"0,856",0,"0,000",,,,,,
600,74,74,74,74,"0,8602325267",,,,,,,,700,"0,862",0,"0,000",,,,,,
650,73,74,73,"73,33333333","0,8563488386",,,,,,,,0,"0,000",0,"0,000",,,,,,
700,75,73,75,"74,33333333","0,8621678104",,,,,,,,0,"0,000",0,"0,000",,,,,,